Atom,Name,biotech,bluespace,combat,engineering,magnets,materials,plasmatech,powerstorage,programming,syndicate
/obj/item/ammo_magazine/a12mm,"magazine (12mm)",,,2,,,,,,,
/obj/item/ammo_magazine/a12mm/empty,"magazine (12mm)",,,2,,,,,,,
/obj/item/ammo_magazine/a50,"magazine (.50)",,,2,,,,,,,
/obj/item/ammo_magazine/a50/empty,"magazine (.50)",,,2,,,,,,,
/obj/item/ammo_magazine/a762,"magazine (a762)",,,2,,,,,,,
/obj/item/ammo_magazine/a762/empty,"magazine (a762)",,,2,,,,,,,
/obj/item/ammo_magazine/c45,"Ammunition Box (.45)",,,2,,,,,,,
/obj/item/ammo_magazine/c9mm,"Ammunition Box (9mm)",,,2,,,,,,,
/obj/item/ammo_magazine/mc9mm,"magazine (9mm)",,,2,,,,,,,
/obj/item/ammo_magazine/mc9mm/empty,"magazine (9mm)",,,2,,,,,,,
/obj/item/bluespace_crystal,"bluespace crystal",,4,,,,3,,,,
/obj/item/bluespace_crystal/artificial,"artificial bluespace crystal",,2,,,,,,,,
/obj/item/brain,"brain",3,,,,,,,,,
/obj/item/clothing/glasses/hud,"HUD",2,,,,3,,,,,
/obj/item/clothing/glasses/hud/health,"Health Scanner HUD",2,,,,3,,,,,
/obj/item/clothing/glasses/hud/health/mech,"Integrated Medical Hud",2,,,,3,,,,,
/obj/item/clothing/glasses/hud/security,"Security HUD",2,,,,3,,,,,
/obj/item/clothing/glasses/hud/security/jensenshades,"Augmented shades",2,,,,3,,,,,
/obj/item/clothing/glasses/material,"Optical Material Scanner",,,,3,3,,,,,
/obj/item/clothing/glasses/meson,"Optical Meson Scanner",,,,2,2,,,,,
/obj/item/clothing/glasses/meson/prescription,"prescription mesons",,,,2,2,,,,,
/obj/item/clothing/glasses/meson/truesight,"The Lens of Truesight",,,,2,2,,,,,
/obj/item/clothing/glasses/night,"Night Vision Goggles",,,,,2,,,,,
/obj/item/clothing/glasses/thermal,"Optical Thermal Scanner",,,,,3,,,,,
/obj/item/clothing/glasses/thermal/eyepatch,"Optical Thermal Eyepatch",,,,,3,,,,,
/obj/item/clothing/glasses/thermal/jensen,"Optical Thermal Implants",,,,,3,,,,,
/obj/item/clothing/glasses/thermal/monocle,"Thermonocle",,,,,3,,,,,
/obj/item/clothing/glasses/thermal/syndi,"Optical Meson Scanner",,,,,3,,,,,4
/obj/item/clothing/mask/gas/voice,"gas mask",,,,,,,,,,4
/obj/item/clothing/mask/gas/voice/space_ninja,"ninja mask",,,,,,,,,,4
/obj/item/clothing/shoes/syndigaloshes,"brown shoes",,,,,,,,,,3
/obj/item/clothing/under/chameleon,"black jumpsuit",,,,,,,,,,3
/obj/item/clothing/under/chameleon/all,"black jumpsuit",,,,,,,,,,3
/obj/item/clothing/under/chameleon/verb,"black jumpsuit",,,,,,,,,,3
/obj/item/device/aicard,"inteliCard",,,,,,4,,,4,
/obj/item/device/analyzer,"analyzer",,,,1,1,,,,,
/obj/item/device/analyzer/plant_analyzer,"plant analyzer",,,,1,1,,,,,
/obj/item/device/assembly,"assembly",,,,,1,,,,,
/obj/item/device/assembly/igniter,"igniter",,,,,1,,,,,
/obj/item/device/assembly/infra,"infrared emitter",,,,,2,,,,,
/obj/item/device/assembly/infra/verb,"infrared emitter",,,,,2,,,,,
/obj/item/device/assembly/mousetrap,"mousetrap",,,1,,,,,,,
/obj/item/device/assembly/mousetrap/armed,"mousetrap",,,1,,,,,,,
/obj/item/device/assembly/mousetrap/verb,"mousetrap",,,1,,,,,,,
/obj/item/device/assembly/prox_sensor,"proximity sensor",,,,,1,,,,,
/obj/item/device/assembly/signaler,"remote signaling device",,,,,1,,,,,
/obj/item/device/assembly/signaler/verb,"remote signaling device",,,,,1,,,,,
/obj/item/device/assembly/speaker,"speaker",,,,,1,,,,,
/obj/item/device/assembly/timer,"timer",,,,,1,,,,,
/obj/item/device/assembly/voice,"voice analyzer",,,,,1,,,,,
/obj/item/device/batterer,"mind batterer",,,3,,3,,,,,3
/obj/item/device/chameleon,"chameleon-projector",,,,,4,,,,,4
/obj/item/device/debugger,"debugger",,,,1,1,,,,,
/obj/item/device/encryptionkey/binary,"item",,,,,,,,,,3
/obj/item/device/encryptionkey/syndicate,"item",,,,,,,,,,3
/obj/item/device/encryptionkey/syndicate/hacked,"Standard Encryption Key",,,,,,,,,,3
/obj/item/device/flash,"flash",,,1,,2,,,,,
/obj/item/device/flash/synthetic,"synthetic flash",,,1,,2,,,,,
/obj/item/device/gps,"global positioning system",,2,,,2,,,,,
/obj/item/device/gps/engineering,"global positioning system",,2,,,2,,,,,
/obj/item/device/gps/mining,"global positioning system",,2,,,2,,,,,
/obj/item/device/gps/paramedic,"global positioning system",,2,,,2,,,,,
/obj/item/device/gps/science,"global positioning system",,2,,,2,,,,,
/obj/item/device/healthanalyzer,"Health Analyzer",1,,,,1,,,,,
/obj/item/device/healthanalyzer/verb,"Health Analyzer",1,,,,1,,,,,
/obj/item/device/lightreplacer,"light replacer",,,,,3,2,,,,
/obj/item/device/mass_spectrometer,"mass-spectrometer",2,,,,2,,,,,
/obj/item/device/mass_spectrometer/adv,"advanced mass-spectrometer",2,,,,4,,,,,
/obj/item/device/mmi,"Man-Machine Interface",3,,,,,,,,,
/obj/item/device/mmi/posibrain,"positronic brain",,2,,4,,4,,,4,
/obj/item/device/mmi/radio_enabled,"Radio-enabled Man-Machine Interface",4,,,,,,,,,
/obj/item/device/mmi/radio_enabled/verb,"Radio-enabled Man-Machine Interface",4,,,,,,,,,
/obj/item/device/multitool,"multitool",,,,1,1,,,,,
/obj/item/device/multitool/uplink,"multitool",,,,1,1,,,,,
/obj/item/device/paicard,"personal AI device",,,,,,,,,2,
/obj/item/device/powersink,"power sink",,,,,,,,3,,5
/obj/item/device/radio/beacon,"Tracking Beacon",,1,,,,,,,,
/obj/item/device/radio/beacon/bacon,"Tracking Beacon",,1,,,,,,,,
/obj/item/device/radio/beacon/syndicate,"suspicious beacon",,1,,,,,,,,7
/obj/item/device/radio/beacon/verb,"Tracking Beacon",,1,,,,,,,,
/obj/item/device/radio/headset/binary,"radio headset",,,,,,,,,,3
/obj/item/device/radio/headset/syndicate,"radio headset",,,,,,,,,,3
/obj/item/device/reagent_scanner,"reagent scanner",2,,,,2,,,,,
/obj/item/device/reagent_scanner/adv,"advanced reagent scanner",2,,,,4,,,,,
/obj/item/device/robotanalyzer,"cyborg analyzer",,,,3,3,,,,,
/obj/item/device/soulstone,"Soul Stone Shard",,4,,,,4,,,,
/obj/item/device/t_scanner,"T-ray scanner",,,,1,1,,,,,
/obj/item/device/telepad_beacon,"telepad beacon",,3,,,,,,,,
/obj/item/device/wormhole_jaunter,"wormhole jaunter",,2,,,,,,,,
/obj/item/mecha_parts,"mecha part",,,,,,2,,,2,
/obj/item/mecha_parts/chassis,"Mecha Chassis",,,,,,2,,,2,
/obj/item/mecha_parts/chassis/durand,"Durand Chassis",,,,,,2,,,2,
/obj/item/mecha_parts/chassis/firefighter,"Firefighter Chassis",,,,,,2,,,2,
/obj/item/mecha_parts/chassis/gygax,"Gygax Chassis",,,,,,2,,,2,
/obj/item/mecha_parts/chassis/honker,"H.O.N.K Chassis",,,,,,2,,,2,
/obj/item/mecha_parts/chassis/odysseus,"Odysseus Chassis",,,,,,2,,,2,
/obj/item/mecha_parts/chassis/phazon,"Phazon Chassis",,,,,,7,,,,
/obj/item/mecha_parts/chassis/ripley,"Ripley Chassis",,,,,,2,,,2,
/obj/item/mecha_parts/janicart_upgrade,"Janicart Cleaner Upgrade",,,,2,,2,,,,
/obj/item/mecha_parts/mecha_equipment,"mecha equipment",,,,,,2,,,,
/obj/item/mecha_parts/mecha_equipment/anticcw_armor_booster,"Armor Booster Module (Close Combat Weaponry)",,,,,,3,,,,
/obj/item/mecha_parts/mecha_equipment/antiproj_armor_booster,"Armor Booster Module (Ranged Weaponry)",,,,,,4,,,,
/obj/item/mecha_parts/mecha_equipment/generator,"Plasma Converter",,,,1,,,2,2,,
/obj/item/mecha_parts/mecha_equipment/generator/nuclear,"ExoNuclear Reactor",,,,3,,,,3,,
/obj/item/mecha_parts/mecha_equipment/gravcatapult,"Gravitational Catapult",,2,,,3,,,,,
/obj/item/mecha_parts/mecha_equipment/repair_droid,"Repair Droid",,,,,3,,,,3,
/obj/item/mecha_parts/mecha_equipment/teleporter,"Teleporter",,10,,,,,,,,
/obj/item/mecha_parts/mecha_equipment/tesla_energy_relay,"Energy Relay",,,,,4,,,,,2
/obj/item/mecha_parts/mecha_equipment/tool,"mecha equipment",,,,,,2,,,,
/obj/item/mecha_parts/mecha_equipment/tool/cable_layer,"Cable Layer",,,,,,2,,,,
/obj/item/mecha_parts/mecha_equipment/tool/drill,"Drill",,,,,,2,,,,
/obj/item/mecha_parts/mecha_equipment/tool/drill/diamonddrill,"Diamond Drill",,,,3,,4,,,,
/obj/item/mecha_parts/mecha_equipment/tool/extinguisher,"Extinguisher",,,,,,2,,,,
/obj/item/mecha_parts/mecha_equipment/tool/hydraulic_clamp,"Hydraulic Clamp",,,,,,2,,,,
/obj/item/mecha_parts/mecha_equipment/tool/rcd,"Mounted RCD",,3,,,4,4,,4,,
/obj/item/mecha_parts/mecha_equipment/tool/safety_clamp,"KILL CLAMP",,,,,,2,,,,
/obj/item/mecha_parts/mecha_equipment/tool/sleeper,"Mounted Sleeper",3,,,,,,,,2,
/obj/item/mecha_parts/mecha_equipment/tool/syringe_gun,"Syringe Gun",4,,,,4,3,,,3,
/obj/item/mecha_parts/mecha_equipment/weapon,"mecha weapon",,,3,,,3,,,,
/obj/item/mecha_parts/mecha_equipment/weapon/ballistic,"General Ballisic Weapon",,,3,,,3,,,,
/obj/item/mecha_parts/mecha_equipment/weapon/ballistic/lmg,"Ultra AC 2",,,3,,,3,,,,
/obj/item/mecha_parts/mecha_equipment/weapon/ballistic/missile_rack,"SRM-8 Missile Rack",,,3,,,3,,,,
/obj/item/mecha_parts/mecha_equipment/weapon/ballistic/missile_rack/banana_mortar,"Banana Mortar",,,3,,,3,,,,
/obj/item/mecha_parts/mecha_equipment/weapon/ballistic/missile_rack/bolas,"PCMK-6 Bolas Launcher",,,3,,,3,,,,
/obj/item/mecha_parts/mecha_equipment/weapon/ballistic/missile_rack/flashbang,"SGL-6 Grenade Launcher",,,3,,,3,,,,
/obj/item/mecha_parts/mecha_equipment/weapon/ballistic/missile_rack/flashbang/clusterbang,"SOP-6 Grenade Launcher",,,3,,,3,,,,
/obj/item/mecha_parts/mecha_equipment/weapon/ballistic/missile_rack/flashbang/clusterbang/limited,"SOP-6 Grenade Launcher",,,3,,,3,,,,
/obj/item/mecha_parts/mecha_equipment/weapon/ballistic/missile_rack/mousetrap_mortar,"Mousetrap Mortar",,,3,,,3,,,,
/obj/item/mecha_parts/mecha_equipment/weapon/ballistic/scattershot,"LBX AC 10 \""Scattershot\""",,,3,,,3,,,,
/obj/item/mecha_parts/mecha_equipment/weapon/energy,"General Energy Weapon",,,3,,,3,,,,
/obj/item/mecha_parts/mecha_equipment/weapon/energy/ion,"mkIV Ion Heavy Cannon",,,3,,,3,,,,
/obj/item/mecha_parts/mecha_equipment/weapon/energy/laser,"CH-PS \""Immolator\"" Laser",,,3,,,3,,,,
/obj/item/mecha_parts/mecha_equipment/weapon/energy/laser/heavy,"CH-LC \""Solaris\"" Laser Cannon",,,3,,,3,,,,
/obj/item/mecha_parts/mecha_equipment/weapon/energy/pulse,"eZ-13 MK2 heavy pulse rifle",,,6,,,3,,4,,
/obj/item/mecha_parts/mecha_equipment/weapon/energy/taser,"\improper PBT \""Pacifier\"" mounted taser",,,3,,,3,,,,
/obj/item/mecha_parts/mecha_equipment/weapon/honker,"\improper HoNkER BlAsT 5000",,,3,,,3,,,,
/obj/item/mecha_parts/mecha_equipment/wormhole_generator,"Wormhole Generator",,3,,,,,,,,
/obj/item/mecha_parts/mecha_tracking,"Exosuit tracking beacon",,,,,2,,,,2,
/obj/item/mecha_parts/part,"mecha part",,,,,,2,,,2,
/obj/item/mecha_parts/part/durand_armour,"Durand Armour Plates",,,4,5,,5,,,,
/obj/item/mecha_parts/part/durand_head,"Durand Head",,,,3,3,3,,,2,
/obj/item/mecha_parts/part/durand_left_arm,"Durand Left Arm",,,,3,,3,,,2,
/obj/item/mecha_parts/part/durand_left_leg,"Durand Left Leg",,,,3,,3,,,2,
/obj/item/mecha_parts/part/durand_right_arm,"Durand Right Arm",,,,3,,3,,,2,
/obj/item/mecha_parts/part/durand_right_leg,"Durand Right Leg",,,,3,,3,,,2,
/obj/item/mecha_parts/part/durand_torso,"Durand Torso",3,,,3,,3,,,2,
/obj/item/mecha_parts/part/gygax_armour,"Gygax Armour Plates",,,4,5,,6,,,,
/obj/item/mecha_parts/part/gygax_head,"Gygax Head",,,,3,3,2,,,2,
/obj/item/mecha_parts/part/gygax_left_arm,"Gygax Left Arm",,,,3,,2,,,2,
/obj/item/mecha_parts/part/gygax_left_leg,"Gygax Left Leg",,,,3,,2,,,2,
/obj/item/mecha_parts/part/gygax_right_arm,"Gygax Right Arm",,,,3,,2,,,2,
/obj/item/mecha_parts/part/gygax_right_leg,"Gygax Right Leg",,,,3,,2,,,2,
/obj/item/mecha_parts/part/gygax_torso,"Gygax Torso",3,,,3,,2,,,2,
/obj/item/mecha_parts/part/honker_head,"H.O.N.K Head",,,,,,2,,,2,
/obj/item/mecha_parts/part/honker_left_arm,"H.O.N.K Left Arm",,,,,,2,,,2,
/obj/item/mecha_parts/part/honker_left_leg,"H.O.N.K Left Leg",,,,,,2,,,2,
/obj/item/mecha_parts/part/honker_right_arm,"H.O.N.K Right Arm",,,,,,2,,,2,
/obj/item/mecha_parts/part/honker_right_leg,"H.O.N.K Right Leg",,,,,,2,,,2,
/obj/item/mecha_parts/part/honker_torso,"H.O.N.K Torso",,,,,,2,,,2,
/obj/item/mecha_parts/part/odysseus_head,"Odysseus Head",,,,,,2,,,3,
/obj/item/mecha_parts/part/odysseus_left_arm,"Odysseus Left Arm",,,,2,,2,,,2,
/obj/item/mecha_parts/part/odysseus_left_leg,"Odysseus Left Leg",,,,2,,2,,,2,
/obj/item/mecha_parts/part/odysseus_right_arm,"Odysseus Right Arm",,,,2,,2,,,2,
/obj/item/mecha_parts/part/odysseus_right_leg,"Odysseus Right Leg",,,,2,,2,,,2,
/obj/item/mecha_parts/part/odysseus_torso,"Odysseus Torso",2,,,2,,2,,,2,
/obj/item/mecha_parts/part/phazon_head,"Phazon Head",,,,,6,9,,,5,
/obj/item/mecha_parts/part/phazon_left_arm,"Phazon Left Arm",,6,,,2,9,,,,
/obj/item/mecha_parts/part/phazon_left_leg,"Phazon Left Leg",,6,,,3,9,,,,
/obj/item/mecha_parts/part/phazon_phase_array,"Phase Array",,10,,,3,9,,,,
/obj/item/mecha_parts/part/phazon_right_arm,"Phazon Right Arm",,6,,,2,9,,,,
/obj/item/mecha_parts/part/phazon_right_leg,"Phazon Right Leg",,6,,,3,9,,,,
/obj/item/mecha_parts/part/phazon_torso,"Phazon Torso",,10,,,,9,,6,5,
/obj/item/mecha_parts/part/ripley_left_arm,"Ripley Left Arm",,,,2,,2,,,2,
/obj/item/mecha_parts/part/ripley_left_leg,"Ripley Left Leg",,,,2,,2,,,2,
/obj/item/mecha_parts/part/ripley_right_arm,"Ripley Right Arm",,,,2,,2,,,2,
/obj/item/mecha_parts/part/ripley_right_leg,"Ripley Right Leg",,,,2,,2,,,2,
/obj/item/mecha_parts/part/ripley_torso,"Ripley Torso",2,,,2,,2,,,2,
/obj/item/pod_parts,"mecha part",,,,,,2,,,2,
/obj/item/pod_parts/core,"Space Pod Core",,2,,3,,3,,,2,
/obj/item/slime_extract,"slime extract",4,,,,,,,,,
/obj/item/slime_extract/adamantine,"adamantine slime extract",4,,,,,,,,,
/obj/item/slime_extract/black,"black slime extract",4,,,,,,,,,
/obj/item/slime_extract/blue,"blue slime extract",4,,,,,,,,,
/obj/item/slime_extract/bluespace,"bluespace slime extract",4,,,,,,,,,
/obj/item/slime_extract/cerulean,"cerulean slime extract",4,,,,,,,,,
/obj/item/slime_extract/darkblue,"dark blue slime extract",4,,,,,,,,,
/obj/item/slime_extract/darkpurple,"dark purple slime extract",4,,,,,,,,,
/obj/item/slime_extract/gold,"gold slime extract",4,,,,,,,,,
/obj/item/slime_extract/green,"green slime extract",4,,,,,,,,,
/obj/item/slime_extract/grey,"grey slime extract",4,,,,,,,,,
/obj/item/slime_extract/lightpink,"light pink slime extract",4,,,,,,,,,
/obj/item/slime_extract/metal,"metal slime extract",4,,,,,,,,,
/obj/item/slime_extract/oil,"oil slime extract",4,,,,,,,,,
/obj/item/slime_extract/orange,"orange slime extract",4,,,,,,,,,
/obj/item/slime_extract/pink,"pink slime extract",4,,,,,,,,,
/obj/item/slime_extract/purple,"purple slime extract",4,,,,,,,,,
/obj/item/slime_extract/pyrite,"pyrite slime extract",4,,,,,,,,,
/obj/item/slime_extract/red,"red slime extract",4,,,,,,,,,
/obj/item/slime_extract/sepia,"sepia slime extract",4,,,,,,,,,
/obj/item/slime_extract/silver,"silver slime extract",4,,,,,,,,,
/obj/item/slime_extract/yellow,"yellow slime extract",4,,,,,,,,,
/obj/item/stack,"item",,,,,,1,,,,
/obj/item/stack/light_w,"wired glass tiles",,,,,,1,,,,
/obj/item/stack/medical,"medical pack",,,,,,1,,,,
/obj/item/stack/medical/advanced,"medical pack",,,,,,1,,,,
/obj/item/stack/medical/advanced/bruise_pack,"advanced trauma kit",2,,,,,,,,,
/obj/item/stack/medical/advanced/ointment,"advanced burn kit",2,,,,,,,,,
/obj/item/stack/medical/bruise_pack,"roll of gauze",1,,,,,,,,,
/obj/item/stack/medical/bruise_pack/tajaran,"\improper S'rendarr's Hand leaf",1,,,,,,,,,
/obj/item/stack/medical/ointment,"ointment",1,,,,,,,,,
/obj/item/stack/medical/ointment/tajaran,"\improper Messa's Tear petals",1,,,,,,,,,
/obj/item/stack/medical/splint,"medical splints",,,,,,1,,,,
/obj/item/stack/nanopaste,"nanopaste",,,,3,,4,,,,
/obj/item/stack/rods,"metal rod",,,,,,1,,,,
/obj/item/stack/sheet,"sheet",,,,,,1,,,,
/obj/item/stack/sheet/animalhide,"sheet",,,,,,1,,,,
/obj/item/stack/sheet/cardboard,"cardboard",,,,,,1,,,,
/obj/item/stack/sheet/charcoal,"charcoal",,,,,,1,,,,
/obj/item/stack/sheet/cloth,"cloth",,,,,,2,,,,
/obj/item/stack/sheet/glass,"glass",,,,,,1,,,,
/obj/item/stack/sheet/glass/cyborg,"glass",,,,,,1,,,,
/obj/item/stack/sheet/glass/plasmaglass,"plasma glass",,,,,,3,2,,,
/obj/item/stack/sheet/glass/plasmarglass,"reinforced plasma glass",,,,,,4,2,,,
/obj/item/stack/sheet/leather,"leather",,,,,,2,,,,
/obj/item/stack/sheet/metal,"metal",,,,,,1,,,,
/obj/item/stack/sheet/metal/cyborg,"metal",,,,,,1,,,,
/obj/item/stack/sheet/mineral,"sheet",,,,,,1,,,,
/obj/item/stack/sheet/mineral/adamantine,"adamantine",,,,,,4,,,,
/obj/item/stack/sheet/mineral/bohrum,"bohrum",,,,,,5,,,,
/obj/item/stack/sheet/mineral/cerenkite,"cerenkite",,,,,,5,,,,
/obj/item/stack/sheet/mineral/char,"char",,,,,,5,,,,
/obj/item/stack/sheet/mineral/claretine,"claretine",,,,,,5,,,,
/obj/item/stack/sheet/mineral/clown,"bananium",,,,,,4,,,,
/obj/item/stack/sheet/mineral/cobryl,"cobryl",,,,,,5,,,,
/obj/item/stack/sheet/mineral/cytine,"cytine",,,,,,5,,,,
/obj/item/stack/sheet/mineral/diamond,"diamond",,,,,,6,,,,
/obj/item/stack/sheet/mineral/enruranium,"enriched uranium",,,,,,5,,,,
/obj/item/stack/sheet/mineral/erebite,"erebite",,,,,,5,,,,
/obj/item/stack/sheet/mineral/gold,"gold",,,,,,4,,,,
/obj/item/stack/sheet/mineral/mauxite,"mauxite",,,,,,5,,,,
/obj/item/stack/sheet/mineral/molitz,"molitz",,,,,,5,,,,
/obj/item/stack/sheet/mineral/mythril,"mythril",,,,,,4,,,,
/obj/item/stack/sheet/mineral/pharosium,"pharosium",,,,,,5,,,,
/obj/item/stack/sheet/mineral/phazon,"phazon",,,,,,9,,,,
/obj/item/stack/sheet/mineral/plasma,"solid plasma",,,,,,2,2,,,
/obj/item/stack/sheet/mineral/plastic,"Plastic",,,,,,3,,,,
/obj/item/stack/sheet/mineral/sandstone,"sandstone bricks",,,,,,1,,,,
/obj/item/stack/sheet/mineral/silver,"silver",,,,,,3,,,,
/obj/item/stack/sheet/mineral/syreline,"syreline",,,,,,5,,,,
/obj/item/stack/sheet/mineral/telecrystal,"telecrystal",,,,,,5,,,,
/obj/item/stack/sheet/mineral/uqill,"uqill",,,,,,5,,,,
/obj/item/stack/sheet/mineral/uranium,"uranium",,,,,,5,,,,
/obj/item/stack/sheet/plasteel,"plasteel",,,,,,2,,,,
/obj/item/stack/sheet/rglass,"reinforced glass",,,,,,2,,,,
/obj/item/stack/sheet/rglass/cyborg,"reinforced glass",,,,,,2,,,,
/obj/item/stack/sheet/wood,"wooden planks",1,,,,,1,,,,
/obj/item/stack/tile,"item",,,,,,1,,,,
/obj/item/stack/tile/carpet,"carpet",,,,,,1,,,,
/obj/item/stack/tile/grass,"grass tile",1,,,,,,,,,
/obj/item/stack/tile/light,"light tile",,,,,,1,,,,
/obj/item/stack/tile/plasteel,"floor tile",,,,,,1,,,,
/obj/item/stack/tile/wood,"wood floor tile",,,,,,1,,,,
/obj/item/weapon/FixOVein,"FixOVein",3,,,,,1,,,,
/obj/item/weapon/SWF_uplink,"station-bounced radio",,,,,1,,,,,
/obj/item/weapon/aiModule,"AI Module",,,,,,,,,3,
/obj/item/weapon/aiModule/core,"AI Module",,,,,,,,,3,
/obj/item/weapon/aiModule/core/antimov,"AI Module",,,,,,,,,4,
/obj/item/weapon/aiModule/core/asimov,"AI Module",,,,,,4,,,3,
/obj/item/weapon/aiModule/core/corp,"AI Module",,,,,,,,,3,
/obj/item/weapon/aiModule/core/nanotrasen,"AI Module",,,,,,,,,3,
/obj/item/weapon/aiModule/core/paladin,"AI Module",,,,,,6,,,3,
/obj/item/weapon/aiModule/core/robocop,"AI Module",,,,,,,,,4,
/obj/item/weapon/aiModule/core/tyrant,"AI Module",,,,,,6,,,3,2
/obj/item/weapon/aiModule/freeform,"AI Module",,,,,,4,,,4,
/obj/item/weapon/aiModule/freeform/core,"AI Module",,,,,,6,,,3,
/obj/item/weapon/aiModule/freeform/syndicate,"AI Module",,,,,,6,,,3,7
/obj/item/weapon/aiModule/keeper,"'Keeper' AI Module",,,,,,,,,3,
/obj/item/weapon/aiModule/purge,"AI Module",,,,,,6,,,3,
/obj/item/weapon/aiModule/reset,"AI Module",,,,,,4,,,3,
/obj/item/weapon/aiModule/standard,"AI Module",,,,,,,,,3,
/obj/item/weapon/aiModule/standard/oxygen,"AI Module",2,,,,,4,,,3,
/obj/item/weapon/aiModule/standard/protectStation,"AI Module",,,,,,4,,,3,
/obj/item/weapon/aiModule/standard/prototypeEngineOffline,"AI Module",,,,,,4,,,3,
/obj/item/weapon/aiModule/standard/quarantine,"AI Module",2,,,,,4,,,3,
/obj/item/weapon/aiModule/standard/teleporterOffline,"AI Module",,,,,,4,,,3,
/obj/item/weapon/aiModule/targetted,"AI Module",,,,,,,,,3,
/obj/item/weapon/aiModule/targetted/oneHuman,"AI Module",,,,,,6,,,3,
/obj/item/weapon/aiModule/targetted/safeguard,"AI Module",,,,,,4,,,3,
/obj/item/weapon/airlock_painter,"airlock painter",,,,1,,,,,,
/obj/item/weapon/autopsy_scanner,"autopsy scanner",1,,,,,1,,,,
/obj/item/weapon/autopsy_scanner/verb,"autopsy scanner",1,,,,,1,,,,
/obj/item/weapon/butch,"Butcher's Cleaver",,,,,,1,,,,
/obj/item/weapon/butch/meatcleaver,"Meat Cleaver",,,,,,1,,,,
/obj/item/weapon/card/emag,"cryptographic sequencer",,,,,2,,,,,2
/obj/item/weapon/card/id/syndicate,"agent card",,,,,,,,,,3
/obj/item/weapon/cautery,"cautery",1,,,,,1,,,,
/obj/item/weapon/cell,"power cell",,,,,,,,1,,
/obj/item/weapon/cell/crap,"\improper Nanotrasen brand rechargable AA battery",,,,,,,,0,,
/obj/item/weapon/cell/crap/empty,"\improper Nanotrasen brand rechargable AA battery",,,,,,,,0,,
/obj/item/weapon/cell/high,"high-capacity power cell",,,,,,,,2,,
/obj/item/weapon/cell/high/empty,"high-capacity power cell",,,,,,,,2,,
/obj/item/weapon/cell/hyper,"hyper-capacity power cell",,,,,,,,6,,
/obj/item/weapon/cell/hyper/empty,"hyper-capacity power cell",,,,,,,,6,,
/obj/item/weapon/cell/potato,"potato battery",,,,,,,,1,,
/obj/item/weapon/cell/secborg,"\improper Security borg rechargable D battery",,,,,,,,0,,
/obj/item/weapon/cell/secborg/empty,"\improper Security borg rechargable D battery",,,,,,,,0,,
/obj/item/weapon/cell/slime,"charged slime core",4,,,,,,,2,,
/obj/item/weapon/cell/super,"super-capacity power cell",,,,,,,,5,,
/obj/item/weapon/cell/super/empty,"super-capacity power cell",,,,,,,,5,,
/obj/item/weapon/cell/temperaturegun,"temperature gun cell",,,,,,,,1,,
/obj/item/weapon/circuitboard,"Circuit board",,,,,,,,,2,
/obj/item/weapon/circuitboard/HolodeckControl,"Circuit board (Holodeck Control)",,,,,,,,,4,
/obj/item/weapon/circuitboard/aicore,"Circuit board (AI core)",2,,,,,,,,4,
/obj/item/weapon/circuitboard/aifixer,"Circuit board (AI Integrity Restorer)",2,,,,,,,,3,
/obj/item/weapon/circuitboard/air_alarm,"Circuit board (Air Alarm)",,,,,,,,,2,
/obj/item/weapon/circuitboard/air_management,"Circuit board (Atmospheric General Monitor)",,,,,,,,,2,
/obj/item/weapon/circuitboard/airlock,"airlock electronics",,,,,,,,,2,
/obj/item/weapon/circuitboard/aiupload,"Circuit board (AI Upload)",,,,,,,,,4,
/obj/item/weapon/circuitboard/arcade,"Circuit board (Arcade)",,,,,,,,,1,
/obj/item/weapon/circuitboard/area_atmos,"Circuit board (Area Air Control)",,,,,,,,,2,
/obj/item/weapon/circuitboard/atmos_alert,"Circuit board (Atmospheric Alert)",,,,,,,,,2,
/obj/item/weapon/circuitboard/atmoscontrol,"\improper Central Atmospherics Computer Circuitboard",,,,,,,,,2,
/obj/item/weapon/circuitboard/atmospheresiphonswitch,"Circuit board (Atmosphere siphon control)",,,,,,,,,2,
/obj/item/weapon/circuitboard/autolathe,"Circuit board (Autolathe)",,,,2,,,,,2,
/obj/item/weapon/circuitboard/bhangmeter,"Circuit board (Bhangmeter)",,,,,,,,,2,
/obj/item/weapon/circuitboard/biogenerator,"Circuit Board (Biogenerator)",3,,,2,,,,,3,
/obj/item/weapon/circuitboard/borgupload,"Circuit board (Cyborg Upload)",,,,,,,,,4,
/obj/item/weapon/circuitboard/card,"Circuit board (ID Computer)",,,,,,,,,2,
/obj/item/weapon/circuitboard/card/centcom,"Circuit board (CentCom ID Computer)",,,,,,,,,2,
/obj/item/weapon/circuitboard/chem_dispenser,"Circuit Board (Chemistry Dispenser)",5,,,4,,,,,3,
/obj/item/weapon/circuitboard/chemmaster3000,"Circuit Board (ChemMaster 3000)",4,,,3,,,,,,
/obj/item/weapon/circuitboard/circuit_imprinter,"Circuit board (Circuit Imprinter)",,,,2,,,,,2,
/obj/item/weapon/circuitboard/clonepod,"Circuit board (Clone Pod)",3,,,,,,,,3,
/obj/item/weapon/circuitboard/clonescanner,"Circuit board (Cloning Scanner)",2,,,,,,,,2,
/obj/item/weapon/circuitboard/cloning,"Circuit board (Cloning)",3,,,,,,,,3,
/obj/item/weapon/circuitboard/comm_monitor,"Circuit board (Telecommunications Monitor)",,,,,,,,,3,
/obj/item/weapon/circuitboard/comm_server,"Circuit board (Telecommunications Server Monitor)",,,,,,,,,3,
/obj/item/weapon/circuitboard/comm_traffic,"Circuitboard (Telecommunications Traffic Control)",,,,,,,,,3,
/obj/item/weapon/circuitboard/communications,"Circuit board (Communications)",,,,,2,,,,2,
/obj/item/weapon/circuitboard/condimaster,"Circuit Board (CondiMaster)",4,,,3,,,,,,
/obj/item/weapon/circuitboard/conveyor,"Circuit board (Conveyor)",,,,2,,,,,2,
/obj/item/weapon/circuitboard/crew,"Circuit board (Crew monitoring computer)",2,,,,2,,,,3,
/obj/item/weapon/circuitboard/cryo,"Circuit Board (Cryo)",3,,,2,,,,,3,
/obj/item/weapon/circuitboard/curefab,"Circuit board (Cure fab)",,,,,,,,,2,
/obj/item/weapon/circuitboard/defib_recharger,"Circuit Board (Defib Recharger)",4,,,2,,,,2,3,
/obj/item/weapon/circuitboard/destructive_analyzer,"Circuit board (Destructive Analyzer)",,,,2,2,,,,2,
/obj/item/weapon/circuitboard/ecb,"Embedded Controller Board (Base)",,,,,,,,,3,
/obj/item/weapon/circuitboard/ecb/access_controller,"Embedded Controller Board (Access Control)",,,,,,,,,3,
/obj/item/weapon/circuitboard/ecb/advanced_airlock_controller,"Embedded Controller Board (Advanced)",,,,,,,,,3,
/obj/item/weapon/circuitboard/ecb/airlock_controller,"Embedded Controller Board (Airlock Control)",,,,,,,,,3,
/obj/item/weapon/circuitboard/fire_alarm,"Circuit board (Fire Alarm)",,,,,,,,,2,
/obj/item/weapon/circuitboard/freezer,"Circuit Board (Freezer)",4,,,4,,,,3,,
/obj/item/weapon/circuitboard/gibber,"Circuit Board (Gibber)",3,,,2,,,,2,3,
/obj/item/weapon/circuitboard/heater,"Circuit Board (Heater)",4,,,5,,,,3,,
/obj/item/weapon/circuitboard/hydroponics,"Circuit Board (Hydroponics Tray)",3,,,2,,,,2,3,
/obj/item/weapon/circuitboard/injector_control,"Circuit board (Injector control)",,,,,,,,,2,
/obj/item/weapon/circuitboard/large_tank_control,"Circuit board (Atmospheric Tank Control)",,,,,,,,,2,
/obj/item/weapon/circuitboard/mech_bay_power_console,"Circuit board (Mech Bay Power Control Console)",,,,,,,,3,2,
/obj/item/weapon/circuitboard/mecha,"Exosuit Circuit board",,,,,,,,,2,
/obj/item/weapon/circuitboard/mecha/durand,"Exosuit Circuit board",,,,,,,,,4,
/obj/item/weapon/circuitboard/mecha/durand/main,"Circuit board (Durand Central Control module)",,,,,,,,,4,
/obj/item/weapon/circuitboard/mecha/durand/peripherals,"Circuit board (Durand Peripherals Control module)",,,,,,,,,4,
/obj/item/weapon/circuitboard/mecha/durand/targeting,"Circuit board (Durand Weapon Control and Targeting module)",,,4,,,,,,4,
/obj/item/weapon/circuitboard/mecha/gygax,"Exosuit Circuit board",,,,,,,,,4,
/obj/item/weapon/circuitboard/mecha/gygax/main,"Circuit board (Gygax Central Control module)",,,,,,,,,4,
/obj/item/weapon/circuitboard/mecha/gygax/peripherals,"Circuit board (Gygax Peripherals Control module)",,,,,,,,,4,
/obj/item/weapon/circuitboard/mecha/gygax/targeting,"Circuit board (Gygax Weapon Control and Targeting module)",,,4,,,,,,4,
/obj/item/weapon/circuitboard/mecha/honker,"Exosuit Circuit board",,,,,,,,,4,
/obj/item/weapon/circuitboard/mecha/honker/main,"Circuit board (H.O.N.K Central Control module)",,,,,,,,,4,
/obj/item/weapon/circuitboard/mecha/honker/peripherals,"Circuit board (H.O.N.K Peripherals Control module)",,,,,,,,,4,
/obj/item/weapon/circuitboard/mecha/honker/targeting,"Circuit board (H.O.N.K Weapon Control and Targeting module)",,,,,,,,,4,
/obj/item/weapon/circuitboard/mecha/odysseus,"Exosuit Circuit board",,,,,,,,,3,
/obj/item/weapon/circuitboard/mecha/odysseus/main,"Circuit board (Odysseus Central Control module)",,,,,,,,,3,
/obj/item/weapon/circuitboard/mecha/odysseus/peripherals,"Circuit board (Odysseus Peripherals Control module)",,,,,,,,,3,
/obj/item/weapon/circuitboard/mecha/phazon,"Exosuit Circuit board",,10,,,,9,,,,
/obj/item/weapon/circuitboard/mecha/phazon/main,"Circuit board (Phazon Central Control module)",,10,,,,9,,,,
/obj/item/weapon/circuitboard/mecha/phazon/peripherals,"Circuit board (Phazon Peripherals Control module)",,10,,,,9,,,,
/obj/item/weapon/circuitboard/mecha/pod,"Circuit board (Space Pod Mainboard)",,,,,,,,,2,
/obj/item/weapon/circuitboard/mecha/ripley,"Exosuit Circuit board",,,,,,,,,3,
/obj/item/weapon/circuitboard/mecha/ripley/main,"Circuit board (Ripley Central Control module)",,,,,,,,,3,
/obj/item/weapon/circuitboard/mecha/ripley/peripherals,"Circuit board (Ripley Peripherals Control module)",,,,,,,,,3,
/obj/item/weapon/circuitboard/mecha_control,"Circuit Board (Exosuit Control Console)",,,,,,,,,2,
/obj/item/weapon/circuitboard/mechfab,"Circuit board (Exosuit Fabricator)",,,,3,,,,,3,
/obj/item/weapon/circuitboard/med_data,"Circuit board (Medical Records)",,,,,,,,,2,
/obj/item/weapon/circuitboard/merch,"\improper Merchandise Computer Circuitboard",,,,,,,,,2,
/obj/item/weapon/circuitboard/message_monitor,"Circuit board (Message Monitor)",,,,,,,,,3,
/obj/item/weapon/circuitboard/microwave,"Circuit Board (Microwave)",,,,2,3,,,,3,
/obj/item/weapon/circuitboard/mining,"Circuit board (Outpost Status Display)",,,,,,,,,2,
/obj/item/weapon/circuitboard/mining_shuttle,"Circuit board (Mining Shuttle)",,,,,,,,,2,
/obj/item/weapon/circuitboard/olddoor,"Circuit board (DoorMex)",,,,,,,,,2,
/obj/item/weapon/circuitboard/operating,"Circuit board (Operating Computer)",2,,,,,,,,2,
/obj/item/weapon/circuitboard/ordercomp,"Circuit board (Supply ordering console)",,,,,,,,,2,
/obj/item/weapon/circuitboard/pacman,"Circuit Board (PACMAN-type Generator)",,,,3,,,3,3,3,
/obj/item/weapon/circuitboard/pacman/mrs,"Circuit Board (MRSPACMAN-type Generator)",,,,5,,,,5,3,
/obj/item/weapon/circuitboard/pacman/super,"Circuit Board (SUPERPACMAN-type Generator)",,,,4,,,,4,3,
/obj/item/weapon/circuitboard/pandemic,"Circuit board (PanD.E.M.I.C. 2200)",2,,,,,,,,2,
/obj/item/weapon/circuitboard/photocopier,"Circuit Board (Photocopier)",,,,2,,,,2,4,
/obj/item/weapon/circuitboard/pipedispenser,"Circuit Board (Pipe Dispenser)",3,,,2,,,,2,3,
/obj/item/weapon/circuitboard/pipedispenser/disposal,"Circuit Board (Disposal Pipe Dispenser)",3,,,2,,,,2,3,
/obj/item/weapon/circuitboard/pod,"Circuit board (Massdriver control)",,,,,,,,,2,
/obj/item/weapon/circuitboard/powermonitor,"Circuit board (Power Monitor)",,,,,,,,,2,
/obj/item/weapon/circuitboard/prison_shuttle,"Circuit board (Prison Shuttle)",,,,,,,,,2,
/obj/item/weapon/circuitboard/prisoner,"Circuit board (Prisoner Management)",,,,,,,,,2,
/obj/item/weapon/circuitboard/processor,"Circuit Board (Food Processor)",3,,,2,,,,2,3,
/obj/item/weapon/circuitboard/protolathe,"Circuit board (Protolathe)",,,,2,,,,,2,
/obj/item/weapon/circuitboard/rdconsole,"Circuit Board (R&D Console)",,,,,,,,,2,
/obj/item/weapon/circuitboard/rdconsole/mommi,"Circuit Board (MoMMI R&D Console)",,,,,,,,,2,
/obj/item/weapon/circuitboard/rdconsole/robotics,"Circuit Board (Robotics R&D Console)",,,,,,,,,2,
/obj/item/weapon/circuitboard/rdserver,"Circuit Board (R&D Server)",,,,,,,,,3,
/obj/item/weapon/circuitboard/rdservercontrol,"Circuit Board (R&D Server Control)",,,,,,,,,2,
/obj/item/weapon/circuitboard/reagentgrinder,"Circuit Board (All-In-One Grinder)",,,,2,,,,,3,
/obj/item/weapon/circuitboard/recharge_station,"Circuit Board (Cyborg Recharging Station)",,,,,,,,4,3,
/obj/item/weapon/circuitboard/research_shuttle,"Circuit board (Research Shuttle)",,,,,,,,,2,
/obj/item/weapon/circuitboard/robotics,"Circuit board (Robotics Control)",,,,,,,,,3,
/obj/item/weapon/circuitboard/rust_core,"Internal circuitry (RUST tokamak core)",,3,,,5,,4,6,,
/obj/item/weapon/circuitboard/rust_core_control,"Circuit board (RUST core controller)",,,,4,,,,,4,
/obj/item/weapon/circuitboard/rust_fuel_control,"Circuit board (RUST fuel controller)",,,,4,,,,,4,
/obj/item/weapon/circuitboard/rust_injector,"Internal circuitry (RUST fuel injector)",,,,4,,6,4,3,,
/obj/item/weapon/circuitboard/scan_consolenew,"Circuit board (DNA Machine)",2,,,,,,,,2,
/obj/item/weapon/circuitboard/secure_data,"Circuit board (Security Records)",,,,,,,,,2,
/obj/item/weapon/circuitboard/security,"Circuit board (Security)",,,,,,,,,2,
/obj/item/weapon/circuitboard/security/engineering,"Circuit board (Engineering)",,,,,,,,,2,
/obj/item/weapon/circuitboard/seed_extractor,"Circuit Board (Seed Extractor)",3,,,2,,,,,3,
/obj/item/weapon/circuitboard/shield_cap,"Circuit board (Experimental shield capacitor)",,,,,3,,,4,,
/obj/item/weapon/circuitboard/shield_gen,"Circuit board (Experimental shield generator)",,4,,,,,3,,,
/obj/item/weapon/circuitboard/shield_gen_ex,"Circuit board (Experimental hull shield generator)",,4,,,,,3,,,
/obj/item/weapon/circuitboard/smartfridge,"Circuit Board (SmartFridge)",,,,2,,,,,3,
/obj/item/weapon/circuitboard/smes,"Circuit Board (SMES)",,,,4,,,,4,4,
/obj/item/weapon/circuitboard/snackbar_machine,"Circuit Board (SnackBar Machine)",4,,,3,,,,,,
/obj/item/weapon/circuitboard/solar_control,"Circuit board (Solar Control)",,,,,,,,2,2,
/obj/item/weapon/circuitboard/splicer,"Circuit board (Disease Splicer)",,,,,,,,,2,
/obj/item/weapon/circuitboard/stationalert,"Circuit board (Station Alerts)",,,,,,,,,2,
/obj/item/weapon/circuitboard/supplycomp,"Circuit board (Supply shuttle console)",,,,,,,,,3,
/obj/item/weapon/circuitboard/swfdoor,"Circuit board (Magix)",,,,,,,,,2,
/obj/item/weapon/circuitboard/syndicatedoor,"Circuit board (ProComp Executive)",,,,,,,,,2,
/obj/item/weapon/circuitboard/telecomms,"Circuit board",,,,,,,,,2,
/obj/item/weapon/circuitboard/telecomms/broadcaster,"Circuit Board (Subspace Broadcaster)",,2,,4,,,,,4,
/obj/item/weapon/circuitboard/telecomms/bus,"Circuit Board (Bus Mainframe)",,,,4,,,,,4,
/obj/item/weapon/circuitboard/telecomms/hub,"Circuit Board (Hub Mainframe)",,,,4,,,,,4,
/obj/item/weapon/circuitboard/telecomms/processor,"Circuit Board (Processor Unit)",,,,4,,,,,4,
/obj/item/weapon/circuitboard/telecomms/receiver,"Circuit Board (Subspace Receiver)",,2,,3,,,,,4,
/obj/item/weapon/circuitboard/telecomms/relay,"Circuit Board (Relay Mainframe)",,3,,4,,,,,3,
/obj/item/weapon/circuitboard/telecomms/server,"Circuit Board (Telecommunication Server)",,,,4,,,,,4,
/obj/item/weapon/circuitboard/telehub,"Circuit Board (Teleporter Hub)",,3,,3,,,,,4,
/obj/item/weapon/circuitboard/teleporter,"Circuit board (Teleporter)",,2,,,,,,,2,
/obj/item/weapon/circuitboard/telestation,"Circuit Board (Teleporter Station)",,3,,3,,,,,4,
/obj/item/weapon/circuitboard/turbine_control,"Circuit board (Turbine control)",,,,,,,,,2,
/obj/item/weapon/circular_saw,"circular saw",1,,,,,1,,,,
/obj/item/weapon/cloaking_device,"cloaking device",,,,,3,,,,,4
/obj/item/weapon/conversion_kit,"\improper Revolver Conversion Kit",,,2,,,,,,,
/obj/item/weapon/crowbar,"crowbar",,,,1,,,,,,
/obj/item/weapon/crowbar/red,"crowbar",,,,1,,,,,,
/obj/item/weapon/dart_cartridge,"dart cartridge",,,,,,2,,,,
/obj/item/weapon/flamethrower,"flamethrower",,,1,,,,1,,,
/obj/item/weapon/flamethrower/full,"flamethrower",,,1,,,,1,,,
/obj/item/weapon/grenade/chem_grenade/exgrenade,"EX Chem Grenade",,,4,2,,3,,,,
/obj/item/weapon/grenade/chem_grenade/large,"Large Chem Grenade",,,3,,,3,,,,
/obj/item/weapon/grenade/empgrenade,"emp grenade",,,,,3,2,,,,
/obj/item/weapon/grenade/flashbang,"flashbang",,,1,,,2,,,,
/obj/item/weapon/grenade/flashbang/cluster,"flashbang",,,1,,,2,,,,
/obj/item/weapon/grenade/flashbang/clusterbang,"clusterbang",,,1,,,2,,,,
/obj/item/weapon/grenade/flashbang/clusterbang/segment,"clusterbang segment",,,1,,,2,,,,
/obj/item/weapon/grenade/spawnergrenade,"delivery grenade",,,,,4,3,,,,
/obj/item/weapon/grenade/spawnergrenade/manhacks,"manhack delivery grenade",,,,,4,3,,,,4
/obj/item/weapon/grenade/spawnergrenade/spesscarp,"carp delivery grenade",,,,,4,3,,,,4
/obj/item/weapon/grown/deathnettle,"deathnettle",,,3,,,,,,,
/obj/item/weapon/grown/log,"tower-cap log",,,,,,1,,,,
/obj/item/weapon/grown/nettle,"nettle",,,1,,,,,,,
/obj/item/weapon/gun,"gun",,,1,,,,,,,
/obj/item/weapon/gun/dartgun,"dart gun",,,1,,,,,,,
/obj/item/weapon/gun/dartgun/vox,"alien dart gun",,,1,,,,,,,
/obj/item/weapon/gun/dartgun/vox/medical,"alien dart gun",,,1,,,,,,,
/obj/item/weapon/gun/dartgun/vox/raider,"alien dart gun",,,1,,,,,,,
/obj/item/weapon/gun/energy,"energy gun",,,1,,,,,,,
/obj/item/weapon/gun/energy/crossbow,"mini energy-crossbow",,,2,,2,,,,,5
/obj/item/weapon/gun/energy/crossbow/largecrossbow,"Energy Crossbow",,,2,,2,,,,,5
/obj/item/weapon/gun/energy/decloner,"biological demolecularisor",,,5,,,4,,3,,
/obj/item/weapon/gun/energy/floragun,"floral somatoray",3,,,,,2,,3,,
/obj/item/weapon/gun/energy/gun,"energy gun",,,3,,2,,,,,
/obj/item/weapon/gun/energy/gun/nuclear,"Advanced Energy Gun",,,3,,,5,,3,,
/obj/item/weapon/gun/energy/ionrifle,"ion rifle",,,2,,4,,,,,
/obj/item/weapon/gun/energy/kinetic_accelerator,"proto-kinetic accelerator",,,1,,,,,,,
/obj/item/weapon/gun/energy/laser,"laser gun",,,3,,2,,,,,
/obj/item/weapon/gun/energy/laser/bluetag,"laser tag gun",,,1,,2,,,,,
/obj/item/weapon/gun/energy/laser/cyborg,"laser gun",,,3,,2,,,,,
/obj/item/weapon/gun/energy/laser/pistol,"laser pistol",,,3,,2,,,,,
/obj/item/weapon/gun/energy/laser/practice,"practice laser gun",,,3,,2,,,,,
/obj/item/weapon/gun/energy/laser/practice/sc_laser,"Old laser",,,3,,2,,,,,
/obj/item/weapon/gun/energy/laser/redtag,"laser tag gun",,,1,,2,,,,,
/obj/item/weapon/gun/energy/laser/retro,"retro laser",,,3,,2,,,,,
/obj/item/weapon/gun/energy/laser/retro/sc_retro,"retro laser",,,3,,2,,,,,
/obj/item/weapon/gun/energy/laser/rifle,"laser rifle",,,3,,2,,,,,
/obj/item/weapon/gun/energy/lasercannon,"laser cannon",,,4,,,3,,3,,
/obj/item/weapon/gun/energy/lasercannon/cyborg,"laser cannon",,,4,,,3,,3,,
/obj/item/weapon/gun/energy/meteorgun,"meteor gun",,,1,,,,,,,
/obj/item/weapon/gun/energy/meteorgun/pen,"meteor pen",,,1,,,,,,,
/obj/item/weapon/gun/energy/mindflayer,"mind flayer",,,1,,,,,,,
/obj/item/weapon/gun/energy/plasma,"plasma gun",,,5,,2,3,,,,
/obj/item/weapon/gun/energy/plasma/light,"light plasma rifle",,,5,,2,3,,,,
/obj/item/weapon/gun/energy/plasma/pistol,"plasma pistol",,,5,,2,3,,,,
/obj/item/weapon/gun/energy/plasma/rifle,"plasma rifle",,,5,,2,3,,,,
/obj/item/weapon/gun/energy/pulse_rifle,"pulse rifle",,,1,,,,,,,
/obj/item/weapon/gun/energy/pulse_rifle/M1911,"m1911-P",,,1,,,,,,,
/obj/item/weapon/gun/energy/pulse_rifle/cyborg,"pulse rifle",,,1,,,,,,,
/obj/item/weapon/gun/energy/pulse_rifle/destroyer,"pulse destroyer",,,1,,,,,,,
/obj/item/weapon/gun/energy/radgun,"radgun",,,1,,,,,,,
/obj/item/weapon/gun/energy/stunrevolver,"stun revolver",,,3,,,3,,2,,
/obj/item/weapon/gun/energy/taser,"taser gun",,,1,,,,,,,
/obj/item/weapon/gun/energy/taser/cyborg,"taser gun",,,1,,,,,,,
/obj/item/weapon/gun/energy/temperature,"temperature gun",,,3,,2,4,,3,,
/obj/item/weapon/gun/energy/xray,"xray laser gun",,,5,,2,3,,,,2
/obj/item/weapon/gun/grenadelauncher,"grenade launcher",,,1,,,,,,,
/obj/item/weapon/gun/projectile,"revolver",,,2,,,2,,,,
/obj/item/weapon/gun/projectile/automatic,"submachine gun",,,4,,,2,,,,
/obj/item/weapon/gun/projectile/automatic/c20r,"\improper C-20r SMG",,,5,,,2,,,,8
/obj/item/weapon/gun/projectile/automatic/c20r/sc_c20r,"\improper C-20r SMG",,,5,,,2,,,,8
/obj/item/weapon/gun/projectile/automatic/l6_saw,"\improper L6 SAW",,,5,,,1,,,,2
/obj/item/weapon/gun/projectile/automatic/mini_uzi,"Uzi",,,5,,,2,,,,8
/obj/item/weapon/gun/projectile/automatic/xcom,"\improper Assault Rifle",,,5,,,2,,,,
/obj/item/weapon/gun/projectile/deagle,"desert eagle",,,2,,,2,,,,
/obj/item/weapon/gun/projectile/deagle/camo,"desert eagle",,,2,,,2,,,,
/obj/item/weapon/gun/projectile/deagle/gold,"desert eagle",,,2,,,2,,,,
/obj/item/weapon/gun/projectile/detective,"revolver",,,2,,,2,,,,
/obj/item/weapon/gun/projectile/detective/verb,"revolver",,,2,,,2,,,,
/obj/item/weapon/gun/projectile/gyropistol,"gyrojet pistol",,,3,,,,,,,
/obj/item/weapon/gun/projectile/mateba,"mateba",,,2,,,2,,,,
/obj/item/weapon/gun/projectile/pistol,"\improper Stechtkin pistol",,,2,,,2,,,,2
/obj/item/weapon/gun/projectile/rocketlauncher,"rocket launcher",,,4,,,2,,,,2
/obj/item/weapon/gun/projectile/russian,"Russian Revolver",,,2,,,2,,,,
/obj/item/weapon/gun/projectile/shotgun,"revolver",,,2,,,2,,,,
/obj/item/weapon/gun/projectile/shotgun/doublebarrel,"double-barreled shotgun",,,3,,,1,,,,
/obj/item/weapon/gun/projectile/shotgun/pump,"shotgun",,,4,,,2,,,,
/obj/item/weapon/gun/projectile/shotgun/pump/combat,"combat shotgun",,,5,,,2,,,,
/obj/item/weapon/gun/projectile/shotgun/pump/sc_pump,"shotgun",,,4,,,2,,,,
/obj/item/weapon/gun/projectile/silenced,"silenced pistol",,,2,,,2,,,,8
/obj/item/weapon/gun/projectile/silenced/sc_silenced,"silenced pistol",,,2,,,2,,,,8
/obj/item/weapon/gun/syringe,"syringe gun",,,1,,,,,,,
/obj/item/weapon/gun/syringe/rapidsyringe,"rapid syringe gun",,,1,,,,,,,
/obj/item/weapon/gun/verb,"gun",,,1,,,,,,,
/obj/item/weapon/hand_tele,"hand tele",,3,,,1,,,,,
/obj/item/weapon/handcuffs,"handcuffs",,,,,,1,,,,
/obj/item/weapon/handcuffs/cable,"cable restraints",,,,,,1,,,,
/obj/item/weapon/handcuffs/cable/blue,"cable restraints",,,,,,1,,,,
/obj/item/weapon/handcuffs/cable/cyan,"cable restraints",,,,,,1,,,,
/obj/item/weapon/handcuffs/cable/green,"cable restraints",,,,,,1,,,,
/obj/item/weapon/handcuffs/cable/orange,"cable restraints",,,,,,1,,,,
/obj/item/weapon/handcuffs/cable/pink,"cable restraints",,,,,,1,,,,
/obj/item/weapon/handcuffs/cable/red,"cable restraints",,,,,,1,,,,
/obj/item/weapon/handcuffs/cable/white,"cable restraints",,,,,,1,,,,
/obj/item/weapon/handcuffs/cable/yellow,"cable restraints",,,,,,1,,,,
/obj/item/weapon/handcuffs/cyborg,"handcuffs",,,,,,1,,,,
/obj/item/weapon/hatchet,"hatchet",,,1,,,2,,,,
/obj/item/weapon/hatchet/unathiknife,"duelling knife",,,1,,,2,,,,
/obj/item/weapon/hemostat,"hemostat",1,,,,,1,,,,
/obj/item/weapon/holder/diona,"diona nymph",5,,,,3,,,,,
/obj/item/weapon/kitchen/utensil,"weapon",,,,,,1,,,,
/obj/item/weapon/kitchen/utensil/fork,"fork",,,,,,1,,,,
/obj/item/weapon/kitchen/utensil/knife,"knife",,,,,,1,,,,
/obj/item/weapon/kitchen/utensil/pfork,"plastic fork",,,,,,1,,,,
/obj/item/weapon/kitchen/utensil/pknife,"plastic knife",,,,,,1,,,,
/obj/item/weapon/kitchen/utensil/pspoon,"plastic spoon",,,,,,1,,,,
/obj/item/weapon/kitchen/utensil/spoon,"spoon",,,,,,1,,,,
/obj/item/weapon/kitchenknife,"kitchen knife",,,,,,1,,,,
/obj/item/weapon/kitchenknife/ritual,"ritual knife",,,,,,1,,,,
/obj/item/weapon/legcuffs,"legcuffs",,,,,,1,,,,
/obj/item/weapon/legcuffs/beartrap,"bear trap",,,,,,1,,,,
/obj/item/weapon/legcuffs/bolas,"bolas",,,,,,1,,,,
/obj/item/weapon/legcuffs/bolas/cable,"cable bolas",,,,,,1,,,,
/obj/item/weapon/locator,"locator",,,,,1,,,,,
/obj/item/weapon/match,"match",,,,,,1,,,,
/obj/item/weapon/melee/baton,"stun baton",,,2,,,,,,,
/obj/item/weapon/melee/baton/cattleprod,"stunprod",,,2,,,,,,,
/obj/item/weapon/melee/baton/loaded,"stun baton",,,2,,,,,,,
/obj/item/weapon/melee/chainofcommand,"chain of command",,,4,,,,,,,
/obj/item/weapon/melee/defibrillator,"emergency defibrillator",3,,,,,,,,,
/obj/item/weapon/melee/energy/axe,"energy axe",,,3,,,,,,,
/obj/item/weapon/melee/energy/sword/color,"energy sword",,,,,3,,,,,4
/obj/item/weapon/module/rust_fuel_compressor,"Internal circuitry (RUST fuel compressor)",,,,,,6,4,,,
/obj/item/weapon/module/rust_fuel_port,"Internal circuitry (RUST fuel port)",,,,4,,5,,,,
/obj/item/weapon/ore/clown,"Bananium ore",,,,,,4,,,,
/obj/item/weapon/ore/diamond,"Diamond ore",,,,,,6,,,,
/obj/item/weapon/ore/glass,"Sand",,,,,,1,,,,
/obj/item/weapon/ore/gold,"Gold ore",,,,,,4,,,,
/obj/item/weapon/ore/iron,"Iron ore",,,,,,1,,,,
/obj/item/weapon/ore/phazon,"Phazite",,,,,,7,,,,
/obj/item/weapon/ore/plasma,"Plasma ore",,,,,,2,,,,
/obj/item/weapon/ore/silver,"Silver ore",,,,,,3,,,,
/obj/item/weapon/ore/strangerock,"Strange rock",,,,,,5,,,,
/obj/item/weapon/ore/uranium,"Uranium ore",,,,,,5,,,,
/obj/item/weapon/pen/sleepypen,"pen",,,,,,2,,,,5
/obj/item/weapon/pickaxe,"pickaxe",,,,1,,1,,,,
/obj/item/weapon/pickaxe/borgdrill,"cyborg mining drill",,,,1,,1,,,,
/obj/item/weapon/pickaxe/brush,"brush",,,,1,,1,,,,
/obj/item/weapon/pickaxe/diamond,"diamond pickaxe",,,,4,,6,,,,
/obj/item/weapon/pickaxe/diamonddrill,"diamond mining drill",,,,5,,6,,4,,
/obj/item/weapon/pickaxe/drill,"mining drill",,,,2,,2,,3,,
/obj/item/weapon/pickaxe/five_pick,"5/6 pick",,,,1,,1,,,,
/obj/item/weapon/pickaxe/four_pick,"2/3 pick",,,,1,,1,,,,
/obj/item/weapon/pickaxe/gold,"golden pickaxe",,,,,,4,,,,
/obj/item/weapon/pickaxe/hammer,"sledgehammer",,,,1,,1,,,,
/obj/item/weapon/pickaxe/hand,"hand pickaxe",,,,1,,1,,,,
/obj/item/weapon/pickaxe/jackhammer,"sonic jackhammer",,,,2,,3,,2,,
/obj/item/weapon/pickaxe/one_pick,"1/6 pick",,,,1,,1,,,,
/obj/item/weapon/pickaxe/plasmacutter,"plasma cutter",,,,3,,4,3,,,
/obj/item/weapon/pickaxe/silver,"silver pickaxe",,,,,,3,,,,
/obj/item/weapon/pickaxe/six_pick,"1/1 pick",,,,1,,1,,,,
/obj/item/weapon/pickaxe/three_pick,"1/2 pick",,,,1,,1,,,,
/obj/item/weapon/pickaxe/two_pick,"1/3 pick",,,,1,,1,,,,
/obj/item/weapon/pipe_dispenser,"Rapid Piping Device (RPD)",,,,4,,2,,,,
/obj/item/weapon/planning_frame,"planning frame",,,,,,,,,3,
/obj/item/weapon/planning_frame/verb,"planning frame",,,,,,,,,3,
/obj/item/weapon/plastique,"plastic explosives",,,,,,,,,,2
/obj/item/weapon/rcd,"rapid-construction-device (RCD)",,,,4,,2,,,,
/obj/item/weapon/rcd/borg,"rapid-construction-device (RCD)",,,,4,,2,,,,
/obj/item/weapon/rcd_ammo,"compressed matter cartridge",,,,,,2,,,,
/obj/item/weapon/reagent_containers/food/snacks/grown/bluespacetomato,"blue-space tomato",,3,,,,,,,,
/obj/item/weapon/reagent_containers/spray/chemsprayer,"chem sprayer",,,3,3,,3,,,,5
/obj/item/weapon/retractor,"retractor",1,,,,,1,,,,
/obj/item/weapon/scalpel,"scalpel",1,,,,,1,,,,
/obj/item/weapon/scythe,"scythe",,,2,,,2,,,,
/obj/item/weapon/shield/energy,"energy combat shield",,,,,3,4,,,,4
/obj/item/weapon/shield/riot,"riot shield",,,,,,2,,,,
/obj/item/weapon/shield/riot/roman,"roman shield",,,,,,2,,,,
/obj/item/weapon/shovel,"shovel",,,,1,,1,,,,
/obj/item/weapon/shovel/spade,"spade",,,,1,,1,,,,
/obj/item/weapon/stock_parts/capacitor,"capacitor",,,,,,,,1,,
/obj/item/weapon/stock_parts/capacitor/adv,"advanced capacitor",,,,,,,,3,,
/obj/item/weapon/stock_parts/capacitor/super,"super capacitor",,,,,,4,,5,,
/obj/item/weapon/stock_parts/console_screen,"console screen",,,,,,1,,,,
/obj/item/weapon/stock_parts/manipulator,"micro-manipulator",,,,,,1,,,1,
/obj/item/weapon/stock_parts/manipulator/nano,"nano-manipulator",,,,,,3,,,2,
/obj/item/weapon/stock_parts/manipulator/pico,"pico-manipulator",,,,,,5,,,2,
/obj/item/weapon/stock_parts/matter_bin,"matter bin",,,,,,1,,,,
/obj/item/weapon/stock_parts/matter_bin/adv,"advanced matter bin",,,,,,3,,,,
/obj/item/weapon/stock_parts/matter_bin/super,"super matter bin",,,,,,5,,,,
/obj/item/weapon/stock_parts/micro_laser,"micro-laser",,,,,1,,,,,
/obj/item/weapon/stock_parts/micro_laser/high,"high-power micro-laser",,,,,3,,,,,
/obj/item/weapon/stock_parts/micro_laser/ultra,"ultra-high-power micro-laser",,,,,5,,,,,
/obj/item/weapon/stock_parts/scanning_module,"scanning module",,,,,1,,,,,
/obj/item/weapon/stock_parts/scanning_module/adv,"advanced scanning module",,,,,3,,,,,
/obj/item/weapon/stock_parts/scanning_module/phasic,"phasic scanning module",,,,,5,,,,,
/obj/item/weapon/stock_parts/subspace/amplifier,"subspace amplifier",,2,,,4,4,,,3,
/obj/item/weapon/stock_parts/subspace/analyzer,"subspace wavelength analyzer",,2,,,4,4,,,3,
/obj/item/weapon/stock_parts/subspace/ansible,"subspace ansible",,2,,,5,4,,,3,
/obj/item/weapon/stock_parts/subspace/crystal,"ansible crystal",,2,,,4,4,,,,
/obj/item/weapon/stock_parts/subspace/filter,"hyperwave filter",,,,,2,,,,4,
/obj/item/weapon/stock_parts/subspace/transmitter,"subspace transmitter",,3,,,5,5,,,,
/obj/item/weapon/stock_parts/subspace/treatment,"subspace treatment disk",,2,,,2,5,,,3,
/obj/item/weapon/storage/backpack/holding,"Bag of Holding",,4,,,,,,,,
/obj/item/weapon/storage/pneumatic,"pneumatic cannon",,,,3,,3,,,,
/obj/item/weapon/storage/pneumatic/verb,"pneumatic cannon",,,,3,,3,,,,
/obj/item/weapon/storage/toolbox,"toolbox",,,1,,,,,,,
/obj/item/weapon/storage/toolbox/electrical,"electrical toolbox",,,1,,,,,,,
/obj/item/weapon/storage/toolbox/emergency,"emergency toolbox",,,1,,,,,,,
/obj/item/weapon/storage/toolbox/mechanical,"mechanical toolbox",,,1,,,,,,,
/obj/item/weapon/storage/toolbox/syndicate,"suspicious looking toolbox",,,1,,,,,,,1
/obj/item/weapon/surgicaldrill,"surgical drill",1,,,,,1,,,,
/obj/item/weapon/syntiflesh,"syntiflesh",2,,,,,,,,,
/obj/item/weapon/teleportation_scroll,"scroll of teleportation",,4,,,,,,,,
/obj/item/weapon/teleportation_scroll/apprentice,"lesser scroll of teleportation",,2,,,,,,,,
/obj/item/weapon/tile_painter,"tile painter",,,,2,,1,,,,
/obj/item/weapon/twohanded/dualsaber,"double-bladed energy sword",,,,,3,,,,,4
/obj/item/weapon/twohanded/hfrequency,"high-frequency blade",,,5,,4,,,,,
/obj/item/weapon/weldingtool,"welding tool",,,,1,,,,,,
/obj/item/weapon/weldingtool/experimental,"Experimental Welding Tool",,,,4,,,3,,,
/obj/item/weapon/weldingtool/hugetank,"Upgraded Welding Tool",,,,3,,,,,,
/obj/item/weapon/weldingtool/largetank,"Industrial Welding Tool",,,,2,,,,,,
/obj/item/weapon/wirecutters,"wirecutters",,,,1,,1,,,,
/obj/item/weapon/wrench,"wrench",,,,1,,1,,,,
